,features,importances
0,bedrooms,0.0101181045
1,bathrooms,0.028994413
2,sqft_living,0.15921274
3,sqft_lot,0.0059882496
4,floors,0.0048568267
5,waterfront,0.23835135
6,view,0.048429456
7,condition,0.012386203
8,grade,0.20011891
9,sqft_above,0.074528486
10,sqft_basement,0.020280879
11,yr_built,0.016520422
12,yr_renovated,0.0057903235
13,zipcode,0.018132707
14,lat,0.076886296
15,long,0.03777523
16,sqft_living15,0.028571907
17,sqft_lot15,0.008099757
18,days,0.0049576736
